{"cameraMode":{"drawMode":0,"name":"Shaded","section":"Shading Mode"},"sceneLighting":false,"audioPlay":false,"sceneViewState":{"m_AlwaysRefresh":false,"showFog":true,"showSkybox":false,"showFlares":true,"showImageEffects":true,"showParticleSystems":true,"showVisualEffectGraphs":true,"m_FxEnabled":true},"in2DMode":false,"pivot":{"x":37.60643005371094,"y":8.868574142456055,"z":39.169891357421878},"rotation":{"x":0.008903543464839459,"y":-0.9863741397857666,"z":-0.055352576076984408,"w":-0.15515048801898957},"size":10.389181137084961,"orthographic":false}