{"cameraMode":{"drawMode":0,"name":"Shaded","section":"Shading Mode"},"sceneLighting":false,"audioPlay":false,"sceneViewState":{"m_AlwaysRefresh":false,"showFog":true,"showSkybox":false,"showFlares":true,"showImageEffects":true,"showParticleSystems":true,"showVisualEffectGraphs":true,"m_FxEnabled":true},"in2DMode":false,"pivot":{"x":40.490684509277347,"y":15.830257415771485,"z":30.015701293945314},"rotation":{"x":-0.30289986729621889,"y":0.022014044225215913,"z":-0.00698332441970706,"w":-0.9527724385261536},"size":16.813642501831056,"orthographic":false}