{"cameraMode":{"drawMode":0,"name":"Shaded","section":"Shading Mode"},"sceneLighting":true,"audioPlay":false,"sceneViewState":{"m_AlwaysRefresh":false,"showFog":true,"showSkybox":true,"showFlares":true,"showImageEffects":true,"showParticleSystems":true,"showVisualEffectGraphs":true,"m_FxEnabled":true},"in2DMode":false,"pivot":{"x":116.05493927001953,"y":31.459369659423829,"z":199.6487579345703},"rotation":{"x":0.42305952310562136,"y":0.001350084668956697,"z":-0.0006455895490944386,"w":0.9061234593391419},"size":26.271472930908204,"orthographic":false}