{"cameraMode":{"drawMode":0,"name":"Shaded","section":"Shading Mode"},"sceneLighting":true,"audioPlay":false,"sceneViewState":{"m_AlwaysRefresh":false,"showFog":true,"showSkybox":true,"showFlares":true,"showImageEffects":true,"showParticleSystems":true,"showVisualEffectGraphs":true,"m_FxEnabled":true},"in2DMode":false,"pivot":{"x":199.61550903320313,"y":-22.81756591796875,"z":203.1927032470703},"rotation":{"x":-0.5149580240249634,"y":0.002458917675539851,"z":-0.001210240414366126,"w":-0.8573062419891357},"size":82.94754791259766,"orthographic":false}