{"cameraMode":{"drawMode":0,"name":"Shaded","section":"Shading Mode"},"sceneLighting":true,"audioPlay":false,"sceneViewState":{"m_AlwaysRefresh":false,"showFog":true,"showSkybox":true,"showFlares":true,"showImageEffects":true,"showParticleSystems":true,"showVisualEffectGraphs":true,"m_FxEnabled":true},"in2DMode":false,"pivot":{"x":164.60887145996095,"y":2.571971893310547,"z":207.2332000732422},"rotation":{"x":-0.46128231287002566,"y":0.006519462913274765,"z":-0.003136818762868643,"w":-0.887312114238739},"size":63.38289260864258,"orthographic":false}