{"cameraMode":{"drawMode":0,"name":"Shaded","section":"Shading Mode"},"sceneLighting":true,"audioPlay":false,"sceneViewState":{"m_AlwaysRefresh":false,"showFog":true,"showSkybox":true,"showFlares":true,"showImageEffects":true,"showParticleSystems":true,"showVisualEffectGraphs":true,"m_FxEnabled":true},"in2DMode":false,"pivot":{"x":1099.3343505859375,"y":376.68292236328127,"z":24.74267578125},"rotation":{"x":-0.07284331321716309,"y":-0.015211530961096287,"z":0.0014157537370920182,"w":-0.9973323345184326},"size":847.9049682617188,"orthographic":false}